-- phpMyAdmin SQL Dump
-- version 3.5.1
-- http://www.phpmyadmin.net
--
-- Servidor: localhost
-- Tiempo de generaci칩n: 06-06-2014 a las 16:33:33
-- Versi칩n del servidor: 5.5.24-log
-- Versi칩n de PHP: 5.3.13

SET SQL_MODE="NO_AUTO_VALUE_ON_ZERO";
SET time_zone = "+00:00";


/*!40101 SET @OLD_CHARACTER_SET_CLIENT=@@CHARACTER_SET_CLIENT */;
/*!40101 SET @OLD_CHARACTER_SET_RESULTS=@@CHARACTER_SET_RESULTS */;
/*!40101 SET @OLD_COLLATION_CONNECTION=@@COLLATION_CONNECTION */;
/*!40101 SET NAMES utf8 */;

--
-- Base de datos: `cookbook`
--

-- --------------------------------------------------------

--
-- Estructura de tabla para la tabla `autor`
--

CREATE TABLE IF NOT EXISTS `autor` (
  `idAutor` int(11) NOT NULL AUTO_INCREMENT,
  `nombre` varchar(20) NOT NULL,
  `apellido` varchar(20) NOT NULL,
  `mail` varchar(30) DEFAULT NULL,
  PRIMARY KEY (`idAutor`)
) ENGINE=InnoDB  DEFAULT CHARSET=latin1 AUTO_INCREMENT=26 ;

--
-- Volcado de datos para la tabla `autor`
--

INSERT INTO `autor` (`idAutor`, `nombre`, `apellido`, `mail`) VALUES
(3, 'Carlos', 'Carden', NULL),
(11, 'Walter', 'Kato', NULL),
(12, 'Federico', 'Agustin', NULL),
(13, 'Tomas', 'Bavo', NULL),
(14, 'Carmen', 'Valldejuli', NULL),
(15, 'Roberto', 'Carlos', NULL),
(24, 'Nicolas', 'Delia', NULL);

-- --------------------------------------------------------

--
-- Estructura de tabla para la tabla `etiqueta`
--

CREATE TABLE IF NOT EXISTS `etiqueta` (
  `idEtiqueta` int(11) NOT NULL AUTO_INCREMENT,
  `Etiqueta` varchar(30) NOT NULL,
  PRIMARY KEY (`idEtiqueta`)
) ENGINE=InnoDB  DEFAULT CHARSET=latin1 AUTO_INCREMENT=38 ;

--
-- Volcado de datos para la tabla `etiqueta`
--

INSERT INTO `etiqueta` (`idEtiqueta`, `Etiqueta`) VALUES
(13, 'Reposteria'),
(15, 'Viandas'),
(16, 'Jugos'),
(17, 'Minutas'),
(26, 'comida arabe'),
(28, 'La comida griega'),
(33, 'Colaciones'),
(37, 'comida exotica');

-- --------------------------------------------------------

--
-- Estructura de tabla para la tabla `libro`
--

CREATE TABLE IF NOT EXISTS `libro` (
  `idLibro` int(11) NOT NULL AUTO_INCREMENT,
  `isbn` varchar(13) NOT NULL,
  `stock` int(11) NOT NULL,
  `stockMinimo` int(11) NOT NULL,
  `img` varchar(50) DEFAULT NULL,
  `origen` varchar(20) NOT NULL,
  `nombre` varchar(20) CHARACTER SET utf8 COLLATE utf8_spanish_ci NOT NULL,
  `resumen` text NOT NULL,
  `idioma` varchar(20) NOT NULL,
  `precio` double NOT NULL,
  `cantPaginas` int(11) NOT NULL,
  PRIMARY KEY (`idLibro`),
  UNIQUE KEY `isbn` (`isbn`)
) ENGINE=InnoDB  DEFAULT CHARSET=latin1 AUTO_INCREMENT=61 ;

--
-- Volcado de datos para la tabla `libro`
--

INSERT INTO `libro` (`idLibro`, `isbn`, `stock`, `stockMinimo`, `img`, `origen`, `nombre`, `resumen`, `idioma`, `precio`, `cantPaginas`) VALUES
(40, '5555555555555', 45, 4, NULL, 'rewrt', 'qwer', 'werfdgsd', 'Espa침ol', 45, 234),
(41, '3333333333333', 78, 9, NULL, 'dfghj', 'tyuiop', 'esfbsfhob', 'q', 34, 4),
(56, '8888888888888', 65, 6, NULL, 'dgjh', 'jyjtr', 'jdgjh', 'gfdhg', 65, 24345),
(57, '3425465745675', 234, 23, NULL, 'dfaf', 'hola', 'sadfgsdg', 'fdsf', 33, 453),
(58, '4354376537564', 43, 3, NULL, 'fdghsdhg', 'gourmet', 'fsghfgf', 'dsgsd', 44, 235),
(59, '8347988479849', 90, 9, NULL, 'kjdflksjkflsj', 'lalolanda', 'jkfdhkjdh', 'lolo', 98, 87);

-- --------------------------------------------------------

--
-- Estructura de tabla para la tabla `libroautor`
--

CREATE TABLE IF NOT EXISTS `libroautor` (
  `idLibroAutor` int(11) NOT NULL AUTO_INCREMENT,
  `idLibro` int(11) NOT NULL,
  `idAutor` int(11) NOT NULL,
  PRIMARY KEY (`idLibroAutor`)
) ENGINE=InnoDB  DEFAULT CHARSET=latin1 AUTO_INCREMENT=65 ;

--
-- Volcado de datos para la tabla `libroautor`
--

INSERT INTO `libroautor` (`idLibroAutor`, `idLibro`, `idAutor`) VALUES
(24, 40, 11),
(25, 40, 12),
(26, 41, 12),
(27, 41, 13),
(49, 0, 3),
(51, 0, 24),
(54, 0, 3),
(55, 56, 12),
(56, 57, 3),
(57, 0, 3),
(58, 58, 3),
(59, 56, 3),
(60, 59, 3),
(61, 56, 3),
(62, 56, 13),
(63, 56, 3);

-- --------------------------------------------------------

--
-- Estructura de tabla para la tabla `libroetiqueta`
--

CREATE TABLE IF NOT EXISTS `libroetiqueta` (
  `idLibroEtiqueta` int(11) NOT NULL AUTO_INCREMENT,
  `idLibro` int(11) NOT NULL,
  `idEtiqueta` int(11) NOT NULL,
  PRIMARY KEY (`idLibroEtiqueta`)
) ENGINE=InnoDB  DEFAULT CHARSET=latin1 AUTO_INCREMENT=56 ;

--
-- Volcado de datos para la tabla `libroetiqueta`
--

INSERT INTO `libroetiqueta` (`idLibroEtiqueta`, `idLibro`, `idEtiqueta`) VALUES
(15, 40, 15),
(16, 41, 13),
(17, 41, 16),
(18, 41, 17),
(40, 0, 26),
(42, 0, 26),
(45, 0, 26),
(46, 56, 26),
(47, 57, 26),
(48, 0, 16),
(49, 58, 26),
(50, 56, 28),
(51, 59, 26),
(52, 56, 33),
(53, 56, 37),
(54, 56, 26);

-- --------------------------------------------------------

--
-- Estructura de tabla para la tabla `pedido`
--

CREATE TABLE IF NOT EXISTS `pedido` (
  `idVenta` int(11) NOT NULL AUTO_INCREMENT,
  `estado` varchar(20) NOT NULL,
  `hora` time NOT NULL,
  `fecha` date NOT NULL,
  `idUsuario` int(11) NOT NULL,
  PRIMARY KEY (`idVenta`)
) ENGINE=InnoDB DEFAULT CHARSET=latin1 AUTO_INCREMENT=1 ;

-- --------------------------------------------------------

--
-- Estructura de tabla para la tabla `pedidolibro`
--

CREATE TABLE IF NOT EXISTS `pedidolibro` (
  `idPedidoLibro` int(11) NOT NULL AUTO_INCREMENT,
  `idLibro` int(11) NOT NULL,
  `idPedido` int(11) NOT NULL,
  PRIMARY KEY (`idPedidoLibro`)
) ENGINE=InnoDB DEFAULT CHARSET=latin1 AUTO_INCREMENT=1 ;

-- --------------------------------------------------------

--
-- Estructura de tabla para la tabla `usuario`
--

CREATE TABLE IF NOT EXISTS `usuario` (
  `idUsuario` int(11) NOT NULL AUTO_INCREMENT,
  `nombreDeUsuario` varchar(20) NOT NULL,
  `password` varchar(30) NOT NULL,
  `apellido` varchar(20) NOT NULL,
  `nombre` varchar(20) NOT NULL,
  `fechaAlta` date NOT NULL,
  `categoria` varchar(20) NOT NULL,
  `tel` int(11) NOT NULL,
  `cp` int(11) NOT NULL,
  `localidad` varchar(20) NOT NULL,
  `calle` varchar(30) NOT NULL,
  `piso` int(11) NOT NULL,
  `nro` int(11) NOT NULL,
  `depto` varchar(10) NOT NULL,
  `dni/cuit` int(11) NOT NULL,
  `mail` varchar(30) DEFAULT NULL,
  PRIMARY KEY (`idUsuario`),
  UNIQUE KEY `nombreDeUsuario` (`nombreDeUsuario`,`dni/cuit`)
) ENGINE=InnoDB  DEFAULT CHARSET=latin1 AUTO_INCREMENT=2 ;

--
-- Volcado de datos para la tabla `usuario`
--

INSERT INTO `usuario` (`idUsuario`, `nombreDeUsuario`, `password`, `apellido`, `nombre`, `fechaAlta`, `categoria`, `tel`, `cp`, `localidad`, `calle`, `piso`, `nro`, `depto`, `dni/cuit`, `mail`) VALUES
(1, 'admin', 'admin', '', '', '0000-00-00', '', 0, 0, '', '', 0, 0, '', 0, NULL);

/*!40101 SET CHARACTER_SET_CLIENT=@OLD_CHARACTER_SET_CLIENT */;
/*!40101 SET CHARACTER_SET_RESULTS=@OLD_CHARACTER_SET_RESULTS */;
/*!40101 SET COLLATION_CONNECTION=@OLD_COLLATION_CONNECTION */;
